"","data","Condition","Time","Group"
"1","HH6v3_pos_CGATGT","NC","6","NC_6"
"2","HH6v3_neg_TGACCA","WE","6","WE_6"
"3","HH8v3_pos_ACAGTG","NC","8","NC_8"
"4","HH8v3_neg_GCCAAT","WE","8","WE_8"
"5","HH16calz_pos_CAGATC","NC","16","NC_16"
"6","HH16calz_neg_CTTGTA","WE","16","WE_16"
"7","HH12_pGFP_V4_1_CATGGC","NC","12","NC_12"
"8","HH12_mGFP_V4_1_CATTTT","WE","12","WE_12"
"9","HH12_pGFP_V4_2_CCAACA","NC","12","NC_12"
"10","HH12_mGFP_V4_2_TAATCG","WE","12","WE_12"
"11","HH6_pGFP_2_ATCACG","NC","6","NC_6"
"12","HH8_pGFP_1_TTAGGC","NC","8","NC_8"
"13","HH10_pGFP_2_ACAGTG","NC","10","NC_10"
"14","HH12_pGFP_1_ACTTGA","NC","12","NC_12"
"15","HH6_mGFP_2_GGCTAC","WE","6","WE_6"
"16","HH8_mGFP_1_AGTCAA","WE","8","WE_8"
"17","HH10_mGFP_1_ATGTCA","WE","10","WE_10"
"18","HH14_pGFP_2_GAGTGG","NC","14","NC_14"
"19","HH16_pGFP_1_ATTCCT","NC","16","NC_16"
"20","HH14_mGFP_2_CACCGG","WE","14","WE_14"
"21","HH16_mGFP_1_CAGGCG","WE","16","WE_16"
"22","HH6_pGFP_3_CGATGT","NC","6","NC_6"
"23","HH8_pGFP_3_TGACCA","NC","8","NC_8"
"24","HH10_pGFP_3_GCCAAT","NC","10","NC_10"
"25","HH12_pGFP_2_GATCAG","NC","12","NC_12"
"26","HH6_mGFP_3_CTTGTA","WE","6","WE_6"
"27","HH8_mGFP_3_AGTTCC","WE","8","WE_8"
"28","HH12_mGFP_2_GTGGCC","WE","12","WE_12"
"29","HH14_pGFP_3_ATGAGC","NC","14","NC_14"
"30","HH14_mGFP_3_CACGAT","WE","14","WE_14"
"31","HH16_mGFP_2_CATGGC","WE","16","WE_16"
"32","HH16_pGFP_2_CAACTA","NC","16","NC_16"
"33","HH12_mGFP_1_GTGAAA","WE","12","WE_12"
"34","HH10_mGFP_2_GTAGAG","WE","10","WE_10"
"35","6_pos_lib_ATCACG","NC","6","NC_6"
"36","6_neg_lib_TGACCA","WE","6","WE_6"
"37","8_pos_lib_CGATGT","NC","8","NC_8"
"38","8_neg_lib_ACAGTG","WE","8","WE_8"
"39","10_pos_lib_TTAGGC","NC","10","NC_10"
"40","10_neg_lib_GCCAAT","WE","10","WE_10"
"41","16_1_2_pos_ASH_AGTCAA","NC","16","NC_16"
"42","16_1_2_neg_ASH_AGTTCC","WE","16","WE_16"
"43","16_1_pos_ASH_ATGTCA","NC","16","NC_16"
"44","16_1_neg_ASH_CCGTCC","WE","16","WE_16"
"45","10_pos_ASH_GTGGCC","NC","10","NC_10"
"46","10_neg_ASH_GTTTCG","WE","10","WE_10"
"47","12_pos_ASH_CGTACG","NC","12","NC_12"
"48","12_neg_ASH_GAGTGG","WE","12","WE_12"
"49","14_pos_ASH_ACTGAT","NC","14","NC_14"
"50","14_neg_ASH_ATTCCT","WE","14","WE_14"
